Condition_1,Condition_2,CellType,Gene,Reg_direct
Z,X,D,RNF220,2
Z,X,D,NEDD4L,2
Z,X,D,CNP,2
Z,X,D,AC092691.1,2
Z,X,D,C5orf17,2
Z,X,D,SMARCA4,2
Z,X,D,OSBP2,2
Z,X,D,CUX1,2
Z,X,D,CDH1,2
Z,X,D,PRKAR2A,2
Z,X,D,ITPK1,2
Z,X,D,GPI,2
Z,X,D,OAF,2
Z,X,D,MAPT,2
Z,X,D,HM13,2
Z,X,D,NPIPB5,2
Z,X,D,INSR,2
Z,X,D,ECE1,2
Z,X,D,PRKCZ,2
Z,X,D,NCL,2
Z,X,D,CXXC5,2
Z,X,D,AC004951.1,2
Z,X,D,ANKRD23,2
Z,X,D,LRRC4B,2
Z,X,D,KCNJ10,2
Z,X,D,SREBF1,2
Z,X,D,PRRC2C,2
Z,X,D,DDX18,2
Z,X,D,CALY,2
Z,X,D,Z93930.2,2
Z,X,D,TNS1,2
Z,X,D,TPT1-AS1,2
Z,X,D,VPS33A,2
Z,X,D,MICAL3,2
Z,X,D,WIPF2,2
Z,X,D,ZNF354B,2
Z,X,D,CORO2B,2
Z,X,D,DAP3,2
Z,X,D,RPS27,2
Z,X,D,UBE2D2,2
Z,X,D,LTBP3,2
Z,X,D,UNK,2
Z,X,D,GNAO1,2
Z,X,D,NPIPB4,2
Z,X,D,ACVR2B,2
Z,X,D,SEC24C,2
Z,X,D,CARS,2
Z,X,D,TNRC18,2
Z,X,D,NOL4L,2
Z,X,D,GRIK4,2
Z,X,D,UGDH-AS1,2
Z,X,D,APCDD1,2
Z,X,D,STYXL1,2
Z,X,D,FAM221A,1
Z,X,D,SLC27A4,2
Z,X,D,SREBF2,2
Z,X,D,TNRC6B,2
Z,X,D,RLF,2
Z,X,D,DCAF10,2
Z,X,D,LINC00320,1
Z,X,D,HMOX2,2
Z,X,D,FBXL18,2
Z,X,D,PSMF1,2
Z,X,D,GNE,2
Z,X,D,POM121C,2
Z,X,D,MGAT3,2
Z,X,D,USP8,2
Z,X,D,IMMT,2
Z,X,D,FASN,2
Z,X,D,ZBTB47,2
Z,X,D,TBC1D10B,2
Z,X,D,ANKS6,2
Z,X,D,EHMT1,2
Z,X,D,USP11,2
Z,X,D,MORC3,2
Z,X,D,ANKRD13A,2
Z,X,D,RABEPK,2
Z,X,D,SHLD1,2
Z,X,D,CARHSP1,2
Z,X,D,FAM20C,2
Z,X,D,UTP20,2
Z,X,D,LARGE1,2
Z,X,D,ZNF839,2
Z,X,D,SMARCB1,2
Z,X,D,SPTLC2,2
Z,X,D,ATXN3,2
Z,X,D,RNF115,2
Z,X,D,LINC01170,2
Z,X,D,LRRC23,2
Z,X,D,BMS1,2
Z,X,D,LLGL2,2
Z,X,D,SLC20A2,2
Z,X,D,MARS,2
Z,X,D,NIPAL4,2
Z,X,D,CDC40,2
Z,X,D,SLC25A51,2
Z,X,D,PFKFB3,2
Z,X,D,EIF5,2
Z,X,D,ABL1,2
Z,X,D,AL035681.1,2
Z,X,D,ZNF274,2
Z,X,D,PEAK1,2
Z,X,D,BECN1,2
Z,X,D,LINC00663,2
Z,X,D,MRPS25,2
Z,X,D,B3GLCT,2
Z,X,D,SBF1,2
Z,X,D,CRYAB,1
Z,X,D,MT-CO3,2
Z,X,D,PPM1D,2
Z,X,D,ACTR1A,2
Z,X,D,LANCL1-AS1,1
Z,X,D,ARID4B,2
Z,X,D,RHOBTB3,2
Z,X,D,MED15,2
Z,X,D,TBCD,2
Z,X,D,ZNF562,2
Z,X,D,ABCB8,2
Z,X,D,DDX3Y,2
Z,X,D,EIF2AK2,2
Z,X,D,TBC1D17,2
Z,X,D,LINC00609,1
Z,X,D,SHROOM4,2
Z,X,D,AL133244.2,2
Z,X,D,JUN,2
Z,X,D,ICK,2
Z,X,D,NCAPD2,2
Z,X,D,EMC1-AS1,2
Z,X,D,HECTD4,2
Z,X,D,USP5,2
Z,X,D,ARPC1A,2
Z,X,D,COQ10B,2
Z,X,D,CRYZL1,2
Z,X,D,NCOA6,2
Z,X,D,BCAT2,2
Z,X,D,TOX4,2
Z,X,D,PKNOX1,2
Z,X,D,TSC1,2
Z,X,D,PA2G4,2
Z,X,D,LANCL1,1
Z,X,D,AZIN1-AS1,2
Z,X,D,SRGAP1,2
Z,X,D,DNAJC22,2
Z,X,D,MRPL43,2
Z,X,D,SV2B,2
Z,X,D,ATP5F1C,2
Z,X,D,HIST1H4C,2
Z,X,D,RBCK1,2
Z,X,D,NT5DC1,1
Z,X,D,ECSIT,2
Z,X,D,PLEKHG1,2
Z,X,D,SEPTIN2,2
Z,X,D,BEND6,2
Z,X,D,ABCB9,2
Z,X,D,QSOX1,2
Z,X,D,HSPA9,2
Z,X,D,AC004158.1,2
Y,X,D,KCNMB4,1
Y,X,D,RNF220,2
Y,X,D,MOBP,2
Y,X,D,CNP,2
Y,X,D,LINC01170,2
Y,X,D,AC004158.1,2
Y,X,D,UBE3A,1
Y,X,D,HSPB1,1
Y,X,D,NPTX2,1
Y,X,D,CDH1,2
Y,X,D,ZNF708,1
Y,X,D,MAT2A,1
Y,X,D,CRYAB,1
Y,X,D,C5orf64,2
Y,X,D,ACER3,2
Y,X,D,NAALADL2,2
Y,X,D,TMPRSS5,1
Y,X,D,SLC9A9,1
Y,X,D,KLRD1,1
Y,X,D,ZNF483,1
Y,X,D,C5orf17,2
Y,X,D,FRMD5,2
Y,X,D,TNS1,2
Y,X,D,GPI,2
Y,X,D,CYP2J2,2
Y,X,D,CTNNA3,2
Y,X,D,MCF2L2,1
Y,X,D,SHROOM4,2
Y,X,D,KCNJ10,2
Y,X,D,HIPK2,2
Y,X,D,RHOBTB3,1
Y,X,D,SYT14,2
Y,X,D,LRRC4B,2
Y,X,D,CDH8,2
Y,X,D,LANCL1,2
Y,X,D,SCFD2,2
Y,X,D,GAB2,2
Y,X,D,MRPS25,2
Y,X,D,LRRTM4,2
Y,X,D,OAF,2
Y,X,D,SEM1,1
Y,X,D,APCDD1,2
Y,X,D,TCF12,2
Y,X,D,AZIN1-AS1,2
Y,X,D,UNK,2
Y,X,D,MSI2,1
Y,X,D,PLP1,2
Y,X,D,FIGN,1
Y,X,D,MFAP3L,1
Y,X,D,HERC6,1
Y,X,D,ADAMTS8,2
Y,X,D,NDUFB2,2
Y,X,D,WIPF2,2
Y,X,D,AVEN,2
Y,X,D,LINC01572,2
Y,X,D,AL133346.1,2
Y,X,D,NPIPB5,2
Y,X,D,KIF2A,2
Y,X,D,SV2B,2
Y,X,D,NIPAL4,2
Y,X,D,DDX3Y,1
Y,X,D,ITGB3BP,1
Y,X,D,GATM,2
Y,X,D,FAM221A,1
Y,X,D,SNRPD1,2
Y,X,D,AL133325.3,2
Y,X,D,ACSBG1,1
Y,X,D,MYO5A,2
Y,X,D,TNRC18,2
Y,X,D,ABL1,2
Y,X,D,SPATS2L,1
Y,X,D,SMARCA4,2
Y,X,D,KLF9,1
Y,X,D,CUX1,2
Y,X,D,ZNF146,2
Y,X,D,RBPJ,2
Y,X,D,POC1B,2
Y,X,D,AC026316.5,1
Y,X,D,AC010884.1,1
X,Z,D,RNF220,1
X,Z,D,NEDD4L,1
X,Z,D,CNP,1
X,Z,D,AC092691.1,1
X,Z,D,C5orf17,1
X,Z,D,SMARCA4,1
X,Z,D,OSBP2,1
X,Z,D,CUX1,1
X,Z,D,CDH1,1
X,Z,D,PRKAR2A,1
X,Z,D,ITPK1,1
X,Z,D,GPI,1
X,Z,D,OAF,1
X,Z,D,MAPT,1
X,Z,D,HM13,1
X,Z,D,NPIPB5,1
X,Z,D,INSR,1
X,Z,D,ECE1,1
X,Z,D,PRKCZ,1
X,Z,D,NCL,1
X,Z,D,CXXC5,1
X,Z,D,AC004951.1,1
X,Z,D,ANKRD23,1
X,Z,D,LRRC4B,1
X,Z,D,KCNJ10,1
X,Z,D,SREBF1,1
X,Z,D,PRRC2C,1
X,Z,D,DDX18,1
X,Z,D,CALY,1
X,Z,D,Z93930.2,1
X,Z,D,TNS1,1
X,Z,D,TPT1-AS1,1
X,Z,D,VPS33A,1
X,Z,D,MICAL3,1
X,Z,D,WIPF2,1
X,Z,D,ZNF354B,1
X,Z,D,CORO2B,1
X,Z,D,DAP3,1
X,Z,D,RPS27,1
X,Z,D,UBE2D2,1
X,Z,D,LTBP3,1
X,Z,D,UNK,1
X,Z,D,GNAO1,1
X,Z,D,NPIPB4,1
X,Z,D,ACVR2B,1
X,Z,D,SEC24C,1
X,Z,D,CARS,1
X,Z,D,TNRC18,1
X,Z,D,NOL4L,1
X,Z,D,GRIK4,1
X,Z,D,UGDH-AS1,1
X,Z,D,APCDD1,1
X,Z,D,STYXL1,1
X,Z,D,FAM221A,2
X,Z,D,SLC27A4,1
X,Z,D,SREBF2,1
X,Z,D,TNRC6B,1
X,Z,D,RLF,1
X,Z,D,DCAF10,1
X,Z,D,LINC00320,2
X,Z,D,HMOX2,1
X,Z,D,FBXL18,1
X,Z,D,PSMF1,1
X,Z,D,GNE,1
X,Z,D,POM121C,1
X,Z,D,MGAT3,1
X,Z,D,USP8,1
X,Z,D,IMMT,1
X,Z,D,FASN,1
X,Z,D,ZBTB47,1
X,Z,D,TBC1D10B,1
X,Z,D,ANKS6,1
X,Z,D,EHMT1,1
X,Z,D,USP11,1
X,Z,D,MORC3,1
X,Z,D,ANKRD13A,1
X,Z,D,RABEPK,1
X,Z,D,SHLD1,1
X,Z,D,CARHSP1,1
X,Z,D,FAM20C,1
X,Z,D,UTP20,1
X,Z,D,LARGE1,1
X,Z,D,ZNF839,1
X,Z,D,SMARCB1,1
X,Z,D,SPTLC2,1
X,Z,D,ATXN3,1
X,Z,D,RNF115,1
X,Z,D,LINC01170,1
X,Z,D,LRRC23,1
X,Z,D,BMS1,1
X,Z,D,LLGL2,1
X,Z,D,SLC20A2,1
X,Z,D,MARS,1
X,Z,D,NIPAL4,1
X,Z,D,CDC40,1
X,Z,D,SLC25A51,1
X,Z,D,PFKFB3,1
X,Z,D,EIF5,1
X,Z,D,ABL1,1
X,Z,D,AL035681.1,1
X,Z,D,ZNF274,1
X,Z,D,PEAK1,1
X,Z,D,BECN1,1
X,Z,D,LINC00663,1
X,Z,D,MRPS25,1
X,Z,D,B3GLCT,1
X,Z,D,SBF1,1
X,Z,D,CRYAB,2
X,Z,D,MT-CO3,1
X,Z,D,PPM1D,1
X,Z,D,ACTR1A,1
X,Z,D,LANCL1-AS1,2
X,Z,D,ARID4B,1
X,Z,D,RHOBTB3,1
X,Z,D,MED15,1
X,Z,D,TBCD,1
X,Z,D,ZNF562,1
X,Z,D,ABCB8,1
X,Z,D,DDX3Y,1
X,Z,D,EIF2AK2,1
X,Z,D,TBC1D17,1
X,Z,D,LINC00609,2
X,Z,D,SHROOM4,1
X,Z,D,AL133244.2,1
X,Z,D,JUN,1
X,Z,D,ICK,1
X,Z,D,NCAPD2,1
X,Z,D,EMC1-AS1,1
X,Z,D,HECTD4,1
X,Z,D,USP5,1
X,Z,D,ARPC1A,1
X,Z,D,COQ10B,1
X,Z,D,CRYZL1,1
X,Z,D,NCOA6,1
X,Z,D,BCAT2,1
X,Z,D,TOX4,1
X,Z,D,PKNOX1,1
X,Z,D,TSC1,1
X,Z,D,PA2G4,1
X,Z,D,LANCL1,2
X,Z,D,AZIN1-AS1,1
X,Z,D,SRGAP1,1
X,Z,D,DNAJC22,1
X,Z,D,MRPL43,1
X,Z,D,SV2B,1
X,Z,D,ATP5F1C,1
X,Z,D,HIST1H4C,1
X,Z,D,RBCK1,1
X,Z,D,NT5DC1,2
X,Z,D,ECSIT,1
X,Z,D,PLEKHG1,1
X,Z,D,SEPTIN2,1
X,Z,D,BEND6,1
X,Z,D,ABCB9,1
X,Z,D,QSOX1,1
X,Z,D,HSPA9,1
X,Z,D,AC004158.1,1
Y,Z,D,KCNMB4,1
Y,Z,D,MOBP,2
Y,Z,D,HSPB1,1
Y,Z,D,NEDD4L,1
Y,Z,D,AC092691.1,1
Y,Z,D,RHOBTB3,1
Y,Z,D,UBE3A,1
Y,Z,D,DDX3Y,1
Y,Z,D,NPTX2,1
Y,Z,D,LANCL1,2
Y,Z,D,EIF2AK2,1
Y,Z,D,GRIK4,1
Y,Z,D,HERC6,1
Y,Z,D,MAPT,1
Y,Z,D,CTNNA3,2
Y,Z,D,SLFN5,1
Y,Z,D,TBCD,1
Y,Z,D,ACSBG1,1
Y,Z,D,SLC9A9,1
Y,Z,D,UBE2B,1
Y,Z,D,MFAP3L,1
Y,Z,D,EIF5,1
Y,Z,D,INSR,1
Y,Z,D,AC016597.1,1
Y,Z,D,MARCH3,1
Y,Z,D,SPATS2L,1
Y,Z,D,CARS,1
Y,Z,D,LANCL1-AS1,2
Y,Z,D,TCF12,2
Y,Z,D,CDH8,2
Y,Z,D,RBPJ,2
Y,Z,D,ACER3,2
Y,Z,D,ITPK1,1
Y,Z,D,FIGN,1
Y,Z,D,NAALADL2,2
Y,Z,D,SLC7A1,1
Y,Z,D,MSI2,1
Y,Z,D,ZBTB47,1
Y,Z,D,KLRD1,1
Y,Z,D,LINC00609,2
Y,Z,D,LARGE1,1
Y,Z,D,NT5DC1,2
Y,Z,D,MCF2L2,1
Y,Z,D,CBFB,1
Y,Z,D,TMPRSS5,1
Y,Z,D,ZNF708,1
Y,Z,D,CHST3,1
Y,Z,D,LGMN,1
Y,Z,D,GNAO1,1
Y,Z,D,SYNM,1
Y,Z,D,LINC01170,2
Y,Z,D,PLP1,2
Y,Z,D,KLF9,1
Y,Z,D,RPS27,1
Y,Z,D,ECE1,1
Y,Z,D,ZNF483,1
Y,Z,D,AC004158.1,2
Y,Z,D,GATM,2
Y,Z,D,C5orf64,2
Y,Z,D,ANKRD23,1
Y,Z,D,PRKCZ,1
Y,Z,D,EMC1-AS1,1
Y,Z,D,SEM1,1
Y,Z,D,HSPA9,1
Y,Z,D,MAGED1,1
Y,Z,D,MARS,1
Y,Z,D,LINC01505,2
Y,Z,D,OSBP2,1
Y,Z,D,HIST1H4C,1
Y,Z,D,PLEKHG1,1
Y,Z,D,CORO1C,1
Y,Z,D,CEBPZ,1
Y,Z,D,GRID1,2
Y,Z,D,LMNA,1
Y,Z,D,ITGB3BP,1
Y,Z,D,CORO2B,1
Y,Z,D,LRRTM4,2
Y,Z,D,ZNF274,1
Y,Z,D,CDC40,1
Y,Z,D,BCAT2,1
Y,Z,D,MAT2A,1
Y,Z,D,LINC00511,1
Y,Z,D,CYP2J2,2
Y,Z,D,GALNT13,2
Y,Z,D,AC010884.1,1
Y,Z,D,CLDN12,1
Y,Z,D,APP,2
Y,Z,D,PHLDA3,1
Y,Z,D,FAM20C,1
Y,Z,D,PRKAR2A,1
Y,Z,D,CES4A,1
Y,Z,D,DCC,1
Y,Z,D,AL035681.1,1
Y,Z,D,ZNF83,1
Y,Z,D,TNRC6B,1
Y,Z,D,SYT14,2
Y,Z,D,INTS13,2
Y,Z,D,MRPS5,1
Y,Z,D,CXXC5,1
Y,Z,D,CTBS,1
Y,Z,D,ZNF585A,1
Y,Z,D,SPTLC2,1
Y,Z,D,QSOX1,1
Y,Z,D,MYH10,1
Y,Z,D,TMEM9B-AS1,1
Y,Z,D,GIPC2,1
Y,Z,D,RBCK1,1
Y,Z,D,CARHSP1,1
Y,Z,D,ZNF706,1
Y,Z,D,SRSF7,1
Y,Z,D,NSA2,1
Y,Z,D,ANKRD26,1
Y,Z,D,MAP3K10,1
Y,Z,D,HM13,1
X,Y,D,KCNMB4,2
X,Y,D,RNF220,1
X,Y,D,MOBP,1
X,Y,D,CNP,1
X,Y,D,LINC01170,1
X,Y,D,AC004158.1,1
X,Y,D,UBE3A,2
X,Y,D,HSPB1,2
X,Y,D,NPTX2,2
X,Y,D,CDH1,1
X,Y,D,ZNF708,2
X,Y,D,MAT2A,2
X,Y,D,CRYAB,2
X,Y,D,C5orf64,1
X,Y,D,ACER3,1
X,Y,D,NAALADL2,1
X,Y,D,TMPRSS5,2
X,Y,D,SLC9A9,2
X,Y,D,KLRD1,2
X,Y,D,ZNF483,2
X,Y,D,C5orf17,1
X,Y,D,FRMD5,1
X,Y,D,TNS1,1
X,Y,D,GPI,1
X,Y,D,CYP2J2,1
X,Y,D,CTNNA3,1
X,Y,D,MCF2L2,2
X,Y,D,SHROOM4,1
X,Y,D,KCNJ10,1
X,Y,D,HIPK2,1
X,Y,D,RHOBTB3,2
X,Y,D,SYT14,1
X,Y,D,LRRC4B,1
X,Y,D,CDH8,1
X,Y,D,LANCL1,1
X,Y,D,SCFD2,1
X,Y,D,GAB2,1
X,Y,D,MRPS25,1
X,Y,D,LRRTM4,1
X,Y,D,OAF,1
X,Y,D,SEM1,2
X,Y,D,APCDD1,1
X,Y,D,TCF12,1
X,Y,D,AZIN1-AS1,1
X,Y,D,UNK,1
X,Y,D,MSI2,2
X,Y,D,PLP1,1
X,Y,D,FIGN,2
X,Y,D,MFAP3L,2
X,Y,D,HERC6,2
X,Y,D,ADAMTS8,1
X,Y,D,NDUFB2,1
X,Y,D,WIPF2,1
X,Y,D,AVEN,1
X,Y,D,LINC01572,1
X,Y,D,AL133346.1,1
X,Y,D,NPIPB5,1
X,Y,D,KIF2A,1
X,Y,D,SV2B,1
X,Y,D,NIPAL4,1
X,Y,D,DDX3Y,2
X,Y,D,ITGB3BP,2
X,Y,D,GATM,1
X,Y,D,FAM221A,2
X,Y,D,SNRPD1,1
X,Y,D,AL133325.3,1
X,Y,D,ACSBG1,2
X,Y,D,MYO5A,1
X,Y,D,TNRC18,1
X,Y,D,ABL1,1
X,Y,D,SPATS2L,2
X,Y,D,SMARCA4,1
X,Y,D,KLF9,2
X,Y,D,CUX1,1
X,Y,D,ZNF146,1
X,Y,D,RBPJ,1
X,Y,D,POC1B,1
X,Y,D,AC026316.5,2
X,Y,D,AC010884.1,2
Z,Y,D,KCNMB4,2
Z,Y,D,MOBP,1
Z,Y,D,HSPB1,2
Z,Y,D,NEDD4L,2
Z,Y,D,AC092691.1,2
Z,Y,D,RHOBTB3,2
Z,Y,D,UBE3A,2
Z,Y,D,DDX3Y,2
Z,Y,D,NPTX2,2
Z,Y,D,LANCL1,1
Z,Y,D,EIF2AK2,2
Z,Y,D,GRIK4,2
Z,Y,D,HERC6,2
Z,Y,D,MAPT,2
Z,Y,D,CTNNA3,1
Z,Y,D,SLFN5,2
Z,Y,D,TBCD,2
Z,Y,D,ACSBG1,2
Z,Y,D,SLC9A9,2
Z,Y,D,UBE2B,2
Z,Y,D,MFAP3L,2
Z,Y,D,EIF5,2
Z,Y,D,INSR,2
Z,Y,D,AC016597.1,2
Z,Y,D,MARCH3,2
Z,Y,D,SPATS2L,2
Z,Y,D,CARS,2
Z,Y,D,LANCL1-AS1,1
Z,Y,D,TCF12,1
Z,Y,D,CDH8,1
Z,Y,D,RBPJ,1
Z,Y,D,ACER3,1
Z,Y,D,ITPK1,2
Z,Y,D,FIGN,2
Z,Y,D,NAALADL2,1
Z,Y,D,SLC7A1,2
Z,Y,D,MSI2,2
Z,Y,D,ZBTB47,2
Z,Y,D,KLRD1,2
Z,Y,D,LINC00609,1
Z,Y,D,LARGE1,2
Z,Y,D,NT5DC1,1
Z,Y,D,MCF2L2,2
Z,Y,D,CBFB,2
Z,Y,D,TMPRSS5,2
Z,Y,D,ZNF708,2
Z,Y,D,CHST3,2
Z,Y,D,LGMN,2
Z,Y,D,GNAO1,2
Z,Y,D,SYNM,2
Z,Y,D,LINC01170,1
Z,Y,D,PLP1,1
Z,Y,D,KLF9,2
Z,Y,D,RPS27,2
Z,Y,D,ECE1,2
Z,Y,D,ZNF483,2
Z,Y,D,AC004158.1,1
Z,Y,D,GATM,1
Z,Y,D,C5orf64,1
Z,Y,D,ANKRD23,2
Z,Y,D,PRKCZ,2
Z,Y,D,EMC1-AS1,2
Z,Y,D,SEM1,2
Z,Y,D,HSPA9,2
Z,Y,D,MAGED1,2
Z,Y,D,MARS,2
Z,Y,D,LINC01505,1
Z,Y,D,OSBP2,2
Z,Y,D,HIST1H4C,2
Z,Y,D,PLEKHG1,2
Z,Y,D,CORO1C,2
Z,Y,D,CEBPZ,2
Z,Y,D,GRID1,1
Z,Y,D,LMNA,2
Z,Y,D,ITGB3BP,2
Z,Y,D,CORO2B,2
Z,Y,D,LRRTM4,1
Z,Y,D,ZNF274,2
Z,Y,D,CDC40,2
Z,Y,D,BCAT2,2
Z,Y,D,MAT2A,2
Z,Y,D,LINC00511,2
Z,Y,D,CYP2J2,1
Z,Y,D,GALNT13,1
Z,Y,D,AC010884.1,2
Z,Y,D,CLDN12,2
Z,Y,D,APP,1
Z,Y,D,PHLDA3,2
Z,Y,D,FAM20C,2
Z,Y,D,PRKAR2A,2
Z,Y,D,CES4A,2
Z,Y,D,DCC,2
Z,Y,D,AL035681.1,2
Z,Y,D,ZNF83,2
Z,Y,D,TNRC6B,2
Z,Y,D,SYT14,1
Z,Y,D,INTS13,1
Z,Y,D,MRPS5,2
Z,Y,D,CXXC5,2
Z,Y,D,CTBS,2
Z,Y,D,ZNF585A,2
Z,Y,D,SPTLC2,2
Z,Y,D,QSOX1,2
Z,Y,D,MYH10,2
Z,Y,D,TMEM9B-AS1,2
Z,Y,D,GIPC2,2
Z,Y,D,RBCK1,2
Z,Y,D,CARHSP1,2
Z,Y,D,ZNF706,2
Z,Y,D,SRSF7,2
Z,Y,D,NSA2,2
Z,Y,D,ANKRD26,2
Z,Y,D,MAP3K10,2
Z,Y,D,HM13,2
Z,X,E,MT-CO3,2
Z,X,E,HERC6,2
Z,X,E,DBI,2
Z,X,E,MARCKSL1,2
Z,X,E,APOL6,2
Z,X,E,HIST1H4C,2
Z,X,E,TCEAL2,2
Z,X,E,PLP1,1
Z,X,E,EIF2AK2,2
Z,X,E,DDX60L,2
Z,X,E,COX8A,2
Z,X,E,CALY,2
Z,X,E,DLL3,2
Z,X,E,LRRTM4,1
Z,X,E,TMED7,2
Z,X,E,MRPS25,2
Z,X,E,SPATS2L,2
Z,X,E,C11orf58,2
Z,X,E,PGK1,2
Y,X,E,UBE3A,1
Y,X,E,SEMA3E,2
Y,X,E,KLRD1,1
Y,X,E,SLC22A3,1
Y,X,E,DSCAM,1
Y,X,E,ZFPM2,1
Y,X,E,KIF19,1
Y,X,E,MSI2,1
Y,X,E,NRSN1,2
Y,X,E,RXYLT1,2
Y,X,E,COX8A,2
X,Z,E,MT-CO3,1
X,Z,E,HERC6,1
X,Z,E,DBI,1
X,Z,E,MARCKSL1,1
X,Z,E,APOL6,1
X,Z,E,HIST1H4C,1
X,Z,E,TCEAL2,1
X,Z,E,PLP1,2
X,Z,E,EIF2AK2,1
X,Z,E,DDX60L,1
X,Z,E,COX8A,1
X,Z,E,CALY,1
X,Z,E,DLL3,1
X,Z,E,LRRTM4,2
X,Z,E,TMED7,1
X,Z,E,MRPS25,1
X,Z,E,SPATS2L,1
X,Z,E,C11orf58,1
X,Z,E,PGK1,1
Y,Z,E,UBE3A,1
Y,Z,E,SLC22A3,1
Y,Z,E,RPL37A,1
Y,Z,E,JUN,1
Y,Z,E,CORO1C,1
Y,Z,E,AC104389.5,1
Y,Z,E,HIST1H4C,1
Y,Z,E,IFIH1,1
Y,Z,E,HSPB1,1
Y,Z,E,KLRD1,1
Y,Z,E,SEL1L3,2
Y,Z,E,DDX60L,1
Y,Z,E,LINC01546,1
Y,Z,E,SCFD2,2
Y,Z,E,ZFPM2,1
Y,Z,E,CDH18,2
X,Y,E,UBE3A,2
X,Y,E,SEMA3E,1
X,Y,E,KLRD1,2
X,Y,E,SLC22A3,2
X,Y,E,DSCAM,2
X,Y,E,ZFPM2,2
X,Y,E,KIF19,2
X,Y,E,MSI2,2
X,Y,E,NRSN1,1
X,Y,E,RXYLT1,1
X,Y,E,COX8A,1
Z,Y,E,UBE3A,2
Z,Y,E,SLC22A3,2
Z,Y,E,RPL37A,2
Z,Y,E,JUN,2
Z,Y,E,CORO1C,2
Z,Y,E,AC104389.5,2
Z,Y,E,HIST1H4C,2
Z,Y,E,IFIH1,2
Z,Y,E,HSPB1,2
Z,Y,E,KLRD1,2
Z,Y,E,SEL1L3,1
Z,Y,E,DDX60L,2
Z,Y,E,LINC01546,2
Z,Y,E,SCFD2,1
Z,Y,E,ZFPM2,2
Z,Y,E,CDH18,1
Z,X,C,AC092683.1,2
Z,X,C,NPIPB5,2
Z,X,C,DLGAP1,2
Z,X,C,METTL6,2
Z,X,C,ANKRD26,2
Z,X,C,MICAL3,2
Z,X,C,LRRC4B,2
Z,X,C,DDX18,2
Z,X,C,TLK2,2
Z,X,C,OSBP2,2
Z,X,C,LRRN2,2
Z,X,C,KIAA1671,2
Z,X,C,PPIP5K1,2
Z,X,C,NKTR,2
Z,X,C,MARS,2
Z,X,C,AC008269.1,2
Z,X,C,GRIK1,1
Z,X,C,AC007785.1,2
Z,X,C,SYNGAP1,2
Z,X,C,RUNDC3B,2
Z,X,C,DOP1B,2
Z,X,C,OPRD1,2
Z,X,C,PRRC2C,2
Z,X,C,SACS,2
Z,X,C,PRKAR2A,2
Z,X,C,AC011995.2,2
Z,X,C,UBE2D2,2
Z,X,C,USP8,2
Z,X,C,SEZ6L,2
Z,X,C,UNK,2
Z,X,C,TPT1-AS1,2
Z,X,C,TNRC18,2
Z,X,C,PPIG,2
Z,X,C,INSR,2
Z,X,C,SMARCA4,2
Z,X,C,MICAL2,2
Z,X,C,CENPC,2
Z,X,C,GPRASP1,2
Z,X,C,GOLGA8B,2
Z,X,C,RNF213-AS1,2
Z,X,C,RBBP6,2
Z,X,C,CYP46A1,2
Z,X,C,AC011603.2,2
Z,X,C,SYNM,2
Z,X,C,EHMT1,2
Z,X,C,C16orf87,2
Z,X,C,MGAT3,2
Z,X,C,ZNF354B,2
Z,X,C,WASF1,2
Z,X,C,TBCD,2
Z,X,C,GRIK4,2
Z,X,C,LRFN2,2
Z,X,C,CTNNA3,1
Z,X,C,AL627171.2,2
Z,X,C,KCNN3,2
Z,X,C,SULT1A1,2
Z,X,C,CUX1,2
Z,X,C,CORO2B,2
Z,X,C,ARPC1A,2
Z,X,C,SPTBN2,2
Z,X,C,GDAP1L1,2
Z,X,C,GABRA5,2
Z,X,C,CSMD1,2
Z,X,C,SCLT1,2
Z,X,C,PRKCZ,2
Z,X,C,ADD1,2
Z,X,C,MT-CO3,2
Z,X,C,NR6A1,2
Z,X,C,KCNH3,2
Z,X,C,WNK2,2
Z,X,C,ARL3,2
Z,X,C,RNF149,2
Z,X,C,GRIK3,2
Z,X,C,MAPKBP1,2
Z,X,C,RLF,2
Z,X,C,CRYZL1,2
Z,X,C,ARMC2,2
Z,X,C,TMSB15B-AS1,2
Z,X,C,RABEPK,2
Z,X,C,MIA3,2
Z,X,C,MCF2L2,2
Z,X,C,TRMU,2
Z,X,C,TSC1,2
Z,X,C,PYGB,2
Z,X,C,HOOK3,2
Z,X,C,FBXL16,2
Z,X,C,ARNTL2,2
Z,X,C,NOL4L,2
Z,X,C,MEIS3,2
Z,X,C,CYCS,2
Z,X,C,ABCC5,2
Z,X,C,SMARCB1,2
Z,X,C,MED15,2
Z,X,C,CENPJ,2
Z,X,C,AASDH,2
Z,X,C,APPL2,2
Z,X,C,SPIRE2,2
Z,X,C,GFPT2,2
Z,X,C,DZIP1,2
Z,X,C,PPP5C,2
Z,X,C,CYS1,2
Z,X,C,B3GLCT,2
Z,X,C,FBXO21,2
Z,X,C,KCNMB4,2
Z,X,C,NIPSNAP1,2
Z,X,C,DLG5,2
Z,X,C,OTUD3,2
Z,X,C,DAP3,2
Z,X,C,AXIN1,2
Z,X,C,TRIM13,2
Z,X,C,SLC20A2,2
Z,X,C,MYH10,2
Z,X,C,RPS27,1
Z,X,C,IPO9,2
Z,X,C,MRPS25,2
Z,X,C,PIK3CB,2
Z,X,C,MIAT,2
Z,X,C,FAM92A,2
Z,X,C,MPPED1,2
Z,X,C,PGPEP1,2
Z,X,C,RNF175,2
Z,X,C,APOO,2
Z,X,C,BEND6,2
Z,X,C,MAPT,2
Z,X,C,INTS10,2
Z,X,C,SREBF2,2
Z,X,C,SDAD1,2
Z,X,C,TRPC4AP,2
Z,X,C,HPS4,2
Z,X,C,DDX51,2
Z,X,C,PKNOX1,2
Z,X,C,EXOSC9,2
Z,X,C,GPR162,2
Z,X,C,RBIS,2
Z,X,C,CPNE1,2
Z,X,C,LTBP3,2
Z,X,C,RAPGEFL1,2
Z,X,C,GET1,2
Z,X,C,RFX7,2
Z,X,C,ZNF24,2
Z,X,C,SMARCE1,2
Z,X,C,WIPF2,2
Z,X,C,LGMN,2
Z,X,C,PFKFB3,2
Z,X,C,EPB41L5,2
Z,X,C,DIDO1,2
Z,X,C,DACH2,2
Z,X,C,STX10,2
Z,X,C,RABL6,2
Z,X,C,CTBP1-DT,2
Z,X,C,CALY,1
Z,X,C,RPS6KC1,2
Z,X,C,PLP1,1
Z,X,C,MRPS16,2
Z,X,C,ASCC1,2
Z,X,C,BECN1,2
Z,X,C,MTCL1,2
Z,X,C,ECSIT,2
Z,X,C,FBXL18,2
Z,X,C,ZNF562,2
Z,X,C,ABCA10,2
Z,X,C,ARID4B,2
Z,X,C,FZR1,2
Z,X,C,LARGE1,2
Z,X,C,NSF,2
Z,X,C,TMED9,2
Z,X,C,TRAPPC12,2
Z,X,C,DZIP3,2
Z,X,C,TMEM131,2
Z,X,C,PRPSAP2,2
Z,X,C,ZNF483,2
Z,X,C,TRIM33,2
Z,X,C,ANKRD23,2
Z,X,C,RRP12,2
Z,X,C,SLC7A1,2
Z,X,C,DCAF10,2
Z,X,C,VIPR1,2
Z,X,C,PSMC3,2
Z,X,C,UBXN11,2
Z,X,C,UBE2B,2
Z,X,C,DCC,1
Z,X,C,BMS1,2
Z,X,C,PSMD5,1
Z,X,C,SKIV2L,2
Z,X,C,IGFBP4,2
Z,X,C,AARSD1,2
Z,X,C,SCFD2,2
Z,X,C,JUN,2
Z,X,C,AC015813.1,2
Z,X,C,NEPRO,2
Z,X,C,ECE1,2
Z,X,C,LRRC23,2
Z,X,C,AC004951.1,2
Z,X,C,AP4E1,2
Z,X,C,PNMA8C,2
Z,X,C,MORN3,2
Z,X,C,CXXC5,2
Z,X,C,PSMB3,2
Z,X,C,NEK9,2
Z,X,C,RTCA,2
Z,X,C,SGCZ,1
Z,X,C,SOGA3,2
Z,X,C,METTL24,2
Z,X,C,PRH1,2
Z,X,C,PLPP7,2
Z,X,C,MFSD4A,2
Z,X,C,CDO1,2
Z,X,C,ALG1,2
Z,X,C,PLEKHG1,2
Z,X,C,KIF1C,2
Z,X,C,LINC01572,2
Z,X,C,MRPL57,1
Z,X,C,HECTD4,2
Z,X,C,GNB2,2
Z,X,C,GCLM,2
Z,X,C,DPF1,2
Z,X,C,TMEM87A,2
Z,X,C,OCIAD2,2
Z,X,C,CCDC62,2
Z,X,C,PVR,2
Z,X,C,MARCH2,2
Z,X,C,KIF21B,2
Z,X,C,CHML,2
Z,X,C,PPP1R21,2
Z,X,C,EIF3J,2
Z,X,C,ERP29,2
Z,X,C,UBFD1,2
Z,X,C,PPL,2
Z,X,C,PDIA2,2
Z,X,C,RASD1,2
Z,X,C,Z93930.2,2
Z,X,C,UBE2Z,1
Z,X,C,COMT,2
Z,X,C,AC009126.1,2
Z,X,C,SYT14,2
Z,X,C,NCDN,1
Z,X,C,MNS1,2
Z,X,C,PPDPF,1
Z,X,C,EIF2AK2,1
Z,X,C,PEG10,1
Z,X,C,REL,2
Z,X,C,CDC40,2
Z,X,C,AC073648.7,2
Y,X,C,AC004949.1,1
Y,X,C,DLGAP1,2
Y,X,C,UBE3A,1
Y,X,C,RPL37A,1
Y,X,C,SESN2,1
Y,X,C,AC011995.2,2
Y,X,C,ADCY10,1
Y,X,C,CSMD1,2
Y,X,C,HSPB1,1
Y,X,C,EIF5,1
Y,X,C,PTPRG,2
Y,X,C,AL596087.2,2
Y,X,C,IGFBP2,1
Y,X,C,WDR49,1
Y,X,C,DSCAM,2
Y,X,C,JUN,1
Y,X,C,ACYP2,2
Y,X,C,LVRN,1
Y,X,C,CAV3,1
Y,X,C,NCDN,1
Y,X,C,FBXO21,1
Y,X,C,AC018742.1,1
Y,X,C,AC093323.1,1
Y,X,C,C1QL3,1
Y,X,C,SLC38A1,1
Y,X,C,JMJD1C,2
Y,X,C,HIST1H4C,1
Y,X,C,MTUS2,2
Y,X,C,BMPER,2
Y,X,C,MIATNB,1
Y,X,C,GFPT2,1
Y,X,C,KLRD1,1
Y,X,C,SEMA3E,2
Y,X,C,KCTD1,2
Y,X,C,SUDS3,1
Y,X,C,SCFD2,2
Y,X,C,NTNG1,1
Y,X,C,EYS,1
Y,X,C,CARS,1
Y,X,C,SPATS2L,1
Y,X,C,CARTPT,1
Y,X,C,CUX2,1
Y,X,C,CFL1,1
Y,X,C,TCEAL2,1
Y,X,C,HSPA9,1
Y,X,C,FAM106A,1
Y,X,C,ZFPM2,2
Y,X,C,GCNA,1
Y,X,C,MGAM,1
Y,X,C,ZNF706,1
Y,X,C,PEG10,1
Y,X,C,RNASEH2C,1
Y,X,C,SEL1L3,2
Y,X,C,MIAT,2
Y,X,C,ARID1B,1
Y,X,C,PRKAG2-AS1,1
Y,X,C,AP1S1,1
Y,X,C,CEBPB,1
Y,X,C,MYO5A,2
Y,X,C,MTCL1,1
Y,X,C,POPDC3,1
Y,X,C,PRR13,1
Y,X,C,GDAP1L1,1
Y,X,C,ZSCAN18,1
Y,X,C,CALY,1
Y,X,C,AL592402.1,1
Y,X,C,GDAP1,1
Y,X,C,RAP2A,1
Y,X,C,PRH1,2
Y,X,C,KCNN3,2
Y,X,C,GABRA6,1
X,Z,C,AC092683.1,1
X,Z,C,NPIPB5,1
X,Z,C,DLGAP1,1
X,Z,C,METTL6,1
X,Z,C,ANKRD26,1
X,Z,C,MICAL3,1
X,Z,C,LRRC4B,1
X,Z,C,DDX18,1
X,Z,C,TLK2,1
X,Z,C,OSBP2,1
X,Z,C,LRRN2,1
X,Z,C,KIAA1671,1
X,Z,C,PPIP5K1,1
X,Z,C,NKTR,1
X,Z,C,MARS,1
X,Z,C,AC008269.1,1
X,Z,C,GRIK1,2
X,Z,C,AC007785.1,1
X,Z,C,SYNGAP1,1
X,Z,C,RUNDC3B,1
X,Z,C,DOP1B,1
X,Z,C,OPRD1,1
X,Z,C,PRRC2C,1
X,Z,C,SACS,1
X,Z,C,PRKAR2A,1
X,Z,C,AC011995.2,1
X,Z,C,UBE2D2,1
X,Z,C,USP8,1
X,Z,C,SEZ6L,1
X,Z,C,UNK,1
X,Z,C,TPT1-AS1,1
X,Z,C,TNRC18,1
X,Z,C,PPIG,1
X,Z,C,INSR,1
X,Z,C,SMARCA4,1
X,Z,C,MICAL2,1
X,Z,C,CENPC,1
X,Z,C,GPRASP1,1
X,Z,C,GOLGA8B,1
X,Z,C,RNF213-AS1,1
X,Z,C,RBBP6,1
X,Z,C,CYP46A1,1
X,Z,C,AC011603.2,1
X,Z,C,SYNM,1
X,Z,C,EHMT1,1
X,Z,C,C16orf87,1
X,Z,C,MGAT3,1
X,Z,C,ZNF354B,1
X,Z,C,WASF1,1
X,Z,C,TBCD,1
X,Z,C,GRIK4,1
X,Z,C,LRFN2,1
X,Z,C,CTNNA3,2
X,Z,C,AL627171.2,1
X,Z,C,KCNN3,1
X,Z,C,SULT1A1,1
X,Z,C,CUX1,1
X,Z,C,CORO2B,1
X,Z,C,ARPC1A,1
X,Z,C,SPTBN2,1
X,Z,C,GDAP1L1,1
X,Z,C,GABRA5,1
X,Z,C,CSMD1,1
X,Z,C,SCLT1,1
X,Z,C,PRKCZ,1
X,Z,C,ADD1,1
X,Z,C,MT-CO3,1
X,Z,C,NR6A1,1
X,Z,C,KCNH3,1
X,Z,C,WNK2,1
X,Z,C,ARL3,1
X,Z,C,RNF149,1
X,Z,C,GRIK3,1
X,Z,C,MAPKBP1,1
X,Z,C,RLF,1
X,Z,C,CRYZL1,1
X,Z,C,ARMC2,1
X,Z,C,TMSB15B-AS1,1
X,Z,C,RABEPK,1
X,Z,C,MIA3,1
X,Z,C,MCF2L2,1
X,Z,C,TRMU,1
X,Z,C,TSC1,1
X,Z,C,PYGB,1
X,Z,C,HOOK3,1
X,Z,C,FBXL16,1
X,Z,C,ARNTL2,1
X,Z,C,NOL4L,1
X,Z,C,MEIS3,1
X,Z,C,CYCS,1
X,Z,C,ABCC5,1
X,Z,C,SMARCB1,1
X,Z,C,MED15,1
X,Z,C,CENPJ,1
X,Z,C,AASDH,1
X,Z,C,APPL2,1
X,Z,C,SPIRE2,1
X,Z,C,GFPT2,1
X,Z,C,DZIP1,1
X,Z,C,PPP5C,1
X,Z,C,CYS1,1
X,Z,C,B3GLCT,1
X,Z,C,FBXO21,1
X,Z,C,KCNMB4,1
X,Z,C,NIPSNAP1,1
X,Z,C,DLG5,1
X,Z,C,OTUD3,1
X,Z,C,DAP3,1
X,Z,C,AXIN1,1
X,Z,C,TRIM13,1
X,Z,C,SLC20A2,1
X,Z,C,MYH10,1
X,Z,C,RPS27,2
X,Z,C,IPO9,1
X,Z,C,MRPS25,1
X,Z,C,PIK3CB,1
X,Z,C,MIAT,1
X,Z,C,FAM92A,1
X,Z,C,MPPED1,1
X,Z,C,PGPEP1,1
X,Z,C,RNF175,1
X,Z,C,APOO,1
X,Z,C,BEND6,1
X,Z,C,MAPT,1
X,Z,C,INTS10,1
X,Z,C,SREBF2,1
X,Z,C,SDAD1,1
X,Z,C,TRPC4AP,1
X,Z,C,HPS4,1
X,Z,C,DDX51,1
X,Z,C,PKNOX1,1
X,Z,C,EXOSC9,1
X,Z,C,GPR162,1
X,Z,C,RBIS,1
X,Z,C,CPNE1,1
X,Z,C,LTBP3,1
X,Z,C,RAPGEFL1,1
X,Z,C,GET1,1
X,Z,C,RFX7,1
X,Z,C,ZNF24,1
X,Z,C,SMARCE1,1
X,Z,C,WIPF2,1
X,Z,C,LGMN,1
X,Z,C,PFKFB3,1
X,Z,C,EPB41L5,1
X,Z,C,DIDO1,1
X,Z,C,DACH2,1
X,Z,C,STX10,1
X,Z,C,RABL6,1
X,Z,C,CTBP1-DT,1
X,Z,C,CALY,2
X,Z,C,RPS6KC1,1
X,Z,C,PLP1,2
X,Z,C,MRPS16,1
X,Z,C,ASCC1,1
X,Z,C,BECN1,1
X,Z,C,MTCL1,1
X,Z,C,ECSIT,1
X,Z,C,FBXL18,1
X,Z,C,ZNF562,1
X,Z,C,ABCA10,1
X,Z,C,ARID4B,1
X,Z,C,FZR1,1
X,Z,C,LARGE1,1
X,Z,C,NSF,1
X,Z,C,TMED9,1
X,Z,C,TRAPPC12,1
X,Z,C,DZIP3,1
X,Z,C,TMEM131,1
X,Z,C,PRPSAP2,1
X,Z,C,ZNF483,1
X,Z,C,TRIM33,1
X,Z,C,ANKRD23,1
X,Z,C,RRP12,1
X,Z,C,SLC7A1,1
X,Z,C,DCAF10,1
X,Z,C,VIPR1,1
X,Z,C,PSMC3,1
X,Z,C,UBXN11,1
X,Z,C,UBE2B,1
X,Z,C,DCC,2
X,Z,C,BMS1,1
X,Z,C,PSMD5,2
X,Z,C,SKIV2L,1
X,Z,C,IGFBP4,1
X,Z,C,AARSD1,1
X,Z,C,SCFD2,1
X,Z,C,JUN,1
X,Z,C,AC015813.1,1
X,Z,C,NEPRO,1
X,Z,C,ECE1,1
X,Z,C,LRRC23,1
X,Z,C,AC004951.1,1
X,Z,C,AP4E1,1
X,Z,C,PNMA8C,1
X,Z,C,MORN3,1
X,Z,C,CXXC5,1
X,Z,C,PSMB3,1
X,Z,C,NEK9,1
X,Z,C,RTCA,1
X,Z,C,SGCZ,2
X,Z,C,SOGA3,1
X,Z,C,METTL24,1
X,Z,C,PRH1,1
X,Z,C,PLPP7,1
X,Z,C,MFSD4A,1
X,Z,C,CDO1,1
X,Z,C,ALG1,1
X,Z,C,PLEKHG1,1
X,Z,C,KIF1C,1
X,Z,C,LINC01572,1
X,Z,C,MRPL57,2
X,Z,C,HECTD4,1
X,Z,C,GNB2,1
X,Z,C,GCLM,1
X,Z,C,DPF1,1
X,Z,C,TMEM87A,1
X,Z,C,OCIAD2,1
X,Z,C,CCDC62,1
X,Z,C,PVR,1
X,Z,C,MARCH2,1
X,Z,C,KIF21B,1
X,Z,C,CHML,1
X,Z,C,PPP1R21,1
X,Z,C,EIF3J,1
X,Z,C,ERP29,1
X,Z,C,UBFD1,1
X,Z,C,PPL,1
X,Z,C,PDIA2,1
X,Z,C,RASD1,1
X,Z,C,Z93930.2,1
X,Z,C,UBE2Z,2
X,Z,C,COMT,1
X,Z,C,AC009126.1,1
X,Z,C,SYT14,1
X,Z,C,NCDN,2
X,Z,C,MNS1,1
X,Z,C,PPDPF,2
X,Z,C,EIF2AK2,2
X,Z,C,PEG10,2
X,Z,C,REL,1
X,Z,C,CDC40,1
X,Z,C,AC073648.7,1
Y,Z,C,AC004949.1,1
Y,Z,C,GFPT2,1
Y,Z,C,GABRA5,1
Y,Z,C,JUN,1
Y,Z,C,FBXO21,1
Y,Z,C,GDAP1L1,1
Y,Z,C,ADCY10,1
Y,Z,C,MTCL1,1
Y,Z,C,NCDN,1
Y,Z,C,HSPB1,1
Y,Z,C,CYCS,1
Y,Z,C,EIF5,1
Y,Z,C,CARS,1
Y,Z,C,C1QL3,1
Y,Z,C,SESN2,1
Y,Z,C,DDX18,1
Y,Z,C,MARS,1
Y,Z,C,IGFBP2,1
Y,Z,C,SYNGAP1,1
Y,Z,C,PEG10,1
Y,Z,C,PRKCZ,1
Y,Z,C,PPDPF,1
Y,Z,C,UQCRH,1
Y,Z,C,ADD1,1
Y,Z,C,TMED9,1
Y,Z,C,CALY,1
Y,Z,C,MICAL3,1
Y,Z,C,SLC7A1,1
Y,Z,C,RNASEH2C,1
Y,Z,C,TCEAL2,1
Y,Z,C,CENPC,1
Y,Z,C,PPIG,1
Y,Z,C,RPL37A,1
Y,Z,C,MIATNB,1
Y,Z,C,RNF149,1
Y,Z,C,RBIS,1
Y,Z,C,ZNF483,1
Y,Z,C,LINC00662,1
Y,Z,C,WDR83OS,1
Y,Z,C,REL,1
Y,Z,C,HSPA9,1
Y,Z,C,USP11,1
Y,Z,C,RNF115,1
Y,Z,C,SH3GLB2,1
Y,Z,C,PPIP5K1,1
Y,Z,C,UGCG,1
Y,Z,C,CUX2,1
Y,Z,C,C16orf87,1
Y,Z,C,RFK,1
Y,Z,C,PSMB3,1
Y,Z,C,CUX1,1
Y,Z,C,PRKAR2A,1
Y,Z,C,NSF,1
Y,Z,C,NFIL3,1
Y,Z,C,LINC00159,1
Y,Z,C,SLC38A1,1
Y,Z,C,AP2S1,1
Y,Z,C,AP1S1,1
Y,Z,C,GPR162,1
Y,Z,C,MVD,1
Y,Z,C,RUNDC3B,1
Y,Z,C,PTPN2,1
Y,Z,C,ATP1B3,1
Y,Z,C,PLXND1,1
Y,Z,C,CXXC5,1
Y,Z,C,HIST1H4C,1
Y,Z,C,SUDS3,1
Y,Z,C,PLP1,2
Y,Z,C,ATP6V1F,1
Y,Z,C,GCNA,1
Y,Z,C,ZFAS1,1
Y,Z,C,MAPKBP1,1
Y,Z,C,NPTX2,1
Y,Z,C,SYNM,1
Y,Z,C,WDR59,1
Y,Z,C,ARPC1A,1
Y,Z,C,HOOK3,1
Y,Z,C,MAP1LC3B,1
Y,Z,C,AC009878.2,1
Y,Z,C,TRMU,1
Y,Z,C,PLXNC1,1
Y,Z,C,LVRN,1
Y,Z,C,CFL1,1
Y,Z,C,CCDC146,1
Y,Z,C,HIGD1A,1
Y,Z,C,PA2G4,1
Y,Z,C,LGMN,1
Y,Z,C,GPR22,1
Y,Z,C,ZNF235,1
Y,Z,C,FAM106A,1
Y,Z,C,DPF1,1
Y,Z,C,CCDC62,1
Y,Z,C,ZSCAN18,1
Y,Z,C,CCNF,1
Y,Z,C,NUDT11,1
Y,Z,C,ERP29,1
Y,Z,C,SCN1B,1
Y,Z,C,GRIK1,2
Y,Z,C,CCT5,1
Y,Z,C,AC097448.1,1
Y,Z,C,PRRC2C,1
Y,Z,C,TP53I11,1
Y,Z,C,SH3BP5L,1
Y,Z,C,AC008269.1,1
Y,Z,C,AC093323.1,1
Y,Z,C,AC007785.1,1
Y,Z,C,POLR2E,1
Y,Z,C,NPIPB5,1
Y,Z,C,DDX51,1
Y,Z,C,RBBP6,1
Y,Z,C,WDR49,1
Y,Z,C,AC092683.1,1
Y,Z,C,STUB1,1
Y,Z,C,DZIP1,1
Y,Z,C,MPP6,1
Y,Z,C,PRR13,1
Y,Z,C,LINC00390,1
Y,Z,C,CEBPB,1
Y,Z,C,TMED10,1
Y,Z,C,SLC25A4,1
Y,Z,C,SACS,1
Y,Z,C,MRPS25,1
Y,Z,C,NKTR,1
Y,Z,C,ABHD8,1
Y,Z,C,DIDO1,1
Y,Z,C,ATP6V1G2,1
Y,Z,C,ZC3H15,1
Y,Z,C,RHBDL3,1
Y,Z,C,SDCBP2,1
Y,Z,C,ECI2,1
Y,Z,C,UBE2B,1
Y,Z,C,SPTBN2,1
Y,Z,C,RPS13,1
Y,Z,C,ZNF24,1
Y,Z,C,ENY2,1
Y,Z,C,SGCZ,2
Y,Z,C,SMARCA4,1
Y,Z,C,MAPT,1
Y,Z,C,CENPV,1
Y,Z,C,SLC27A4,1
Y,Z,C,DBN1,1
Y,Z,C,TMA7,1
Y,Z,C,NSA2,1
Y,Z,C,MRPL14,1
Y,Z,C,OSBP2,1
Y,Z,C,KLRD1,1
Y,Z,C,NOP14,1
Y,Z,C,PRKAG2-AS1,1
Y,Z,C,RABL6,1
Y,Z,C,FHL1,1
Y,Z,C,EIF3J,1
Y,Z,C,ANKRD26,1
Y,Z,C,CISD1,1
Y,Z,C,FBXL16,1
Y,Z,C,CDC40,1
Y,Z,C,RFC3,1
Y,Z,C,ARL3,1
Y,Z,C,ZNF394,1
Y,Z,C,CENPJ,1
Y,Z,C,NECAB2,1
Y,Z,C,GRK2,1
Y,Z,C,INTS10,1
Y,Z,C,TLK2,1
Y,Z,C,PRPSAP2,1
Y,Z,C,SDAD1,1
Y,Z,C,ERO1B,1
Y,Z,C,PGAP1,1
Y,Z,C,PSMC3,1
Y,Z,C,BLVRB,1
Y,Z,C,HSPA14.1,1
Y,Z,C,ZMIZ2,1
Y,Z,C,GIPC2,1
Y,Z,C,GDAP1,1
Y,Z,C,WIPF2,1
Y,Z,C,MRPL34,1
Y,Z,C,NEDD4L,1
Y,Z,C,CDO1,1
Y,Z,C,PSMD3,1
Y,Z,C,AL627171.2,1
Y,Z,C,RPS6KC1,1
Y,Z,C,EHMT1,1
Y,Z,C,CDK5R2,1
Y,Z,C,KLC2,1
Y,Z,C,LTBP3,1
Y,Z,C,SNRPF,1
Y,Z,C,CYP46A1,1
Y,Z,C,TPT1,1
Y,Z,C,NOP58,1
Y,Z,C,MAGEF1,1
Y,Z,C,RASD1,1
Y,Z,C,SEZ6L,1
Y,Z,C,UBE3A,1
Y,Z,C,RSPH1,1
Y,Z,C,LINC01115,1
Y,Z,C,BMS1,1
Y,Z,C,AC124283.1,1
Y,Z,C,CNOT7,1
Y,Z,C,DCC,2
Y,Z,C,HOPX,1
Y,Z,C,MGAM,1
Y,Z,C,ISLR2,1
Y,Z,C,ANKDD1A,1
Y,Z,C,AP000829.1,1
Y,Z,C,SRSF7,1
Y,Z,C,C3orf35,1
Y,Z,C,GPRASP1,1
Y,Z,C,CCNDBP1,1
Y,Z,C,SOGA3,1
Y,Z,C,DVL3,1
Y,Z,C,RAPGEFL1,1
Y,Z,C,GNG3,1
Y,Z,C,GRM7-AS3,1
Y,Z,C,NDN,2
Y,Z,C,CARTPT,1
Y,Z,C,UBE2D2,1
Y,Z,C,PPP4R2,1
Y,Z,C,CAV3,1
Y,Z,C,PPP1R21,1
Y,Z,C,NUDT16L1,1
Y,Z,C,IPO9,1
Y,Z,C,ADGRF5,1
Y,Z,C,MRPL57,1
Y,Z,C,TBCD,1
Y,Z,C,LSM11,1
Y,Z,C,MRPL4,1
Y,Z,C,NDUFA2,1
Y,Z,C,MIA3,1
Y,Z,C,CUEDC2,1
Y,Z,C,MRPS5,1
Y,Z,C,MED15,1
Y,Z,C,DACH2,1
Y,Z,C,AFF4,1
Y,Z,C,MED19,1
Y,Z,C,FUNDC2,1
Y,Z,C,CPNE1,1
Y,Z,C,ABCF2,1
Y,Z,C,ACTN1,1
Y,Z,C,TMEM161A,1
Y,Z,C,TCEAL1,1
Y,Z,C,CRYZL1,1
Y,Z,C,METTL6,1
Y,Z,C,CEP44,1
Y,Z,C,RPS15A,1
Y,Z,C,TNRC18,1
Y,Z,C,COQ10B,1
Y,Z,C,TRPC4AP,1
Y,Z,C,CTH,1
Y,Z,C,HMOX2,1
Y,Z,C,MGAT3,1
Y,Z,C,FAM20C,1
Y,Z,C,KRAS,1
Y,Z,C,AC092691.1,2
Y,Z,C,POPDC3,1
Y,Z,C,AL035071.2,1
Y,Z,C,PAXIP1-AS1,1
Y,Z,C,USP5,1
Y,Z,C,KLF9,1
Y,Z,C,CSNKA2IP,1
Y,Z,C,GLRX5,1
Y,Z,C,GABRA6,1
Y,Z,C,AL158064.1,1
Y,Z,C,BECN1,1
Y,Z,C,DCBLD1,1
Y,Z,C,AARSD1,1
Y,Z,C,ARID4B,1
Y,Z,C,USE1,1
Y,Z,C,PYGB,1
Y,Z,C,ACTR1A,1
Y,Z,C,ZXDC,1
Y,Z,C,AC131934.1,1
Y,Z,C,FZR1,1
Y,Z,C,MKRN1,1
Y,Z,C,KBTBD6,1
Y,Z,C,ZNF555,1
Y,Z,C,RRP12,1
Y,Z,C,C11orf58,1
Y,Z,C,SLC39A10,1
Y,Z,C,KCNH3,1
Y,Z,C,GRIK4,1
Y,Z,C,PSMF1,2
Y,Z,C,GPC4,1
Y,Z,C,DUSP1,1
Y,Z,C,MYH10,1
Y,Z,C,SPIRE2,1
Y,Z,C,LINC01605,1
Y,Z,C,MCL1,1
Y,Z,C,PSMC6,1
Y,Z,C,NDUFB2,2
Y,Z,C,ACOT9,1
Y,Z,C,PNMA8C,1
Y,Z,C,RGP1,1
Y,Z,C,NDUFAF5,1
Y,Z,C,WASF1,1
Y,Z,C,CLIC5,1
Y,Z,C,C17orf80,1
Y,Z,C,ZNF830,1
Y,Z,C,YIPF7,1
Y,Z,C,CTNNA3,2
Y,Z,C,AXIN1,1
Y,Z,C,SPART,1
Y,Z,C,ABHD14A,1
Y,Z,C,GNB2,1
Y,Z,C,SMAD1,1
Y,Z,C,TBC1D20,1
Y,Z,C,LGALSL,1
Y,Z,C,FABP3,1
Y,Z,C,PLEKHA8,1
Y,Z,C,TPT1-AS1,1
Y,Z,C,OCA2,1
Y,Z,C,PEAK1,1
Y,Z,C,MICAL2,1
Y,Z,C,UBE2J2,1
Y,Z,C,ZNF790,1
Y,Z,C,SMARCE1,1
Y,Z,C,ZNF354B,1
Y,Z,C,DZIP3,1
Y,Z,C,NCBP2,2
Y,Z,C,NCL,2
Y,Z,C,MFSD4A,1
Y,Z,C,LINC02208,1
Y,Z,C,HPS4,1
Y,Z,C,AC068481.1,1
Y,Z,C,MCF2L2,1
Y,Z,C,TRIM13,1
Y,Z,C,CARHSP1,1
Y,Z,C,LINC00158,1
Y,Z,C,RAP2A,1
Y,Z,C,PLAA,1
Y,Z,C,ZNF726,1
Y,Z,C,SPAAR,1
Y,Z,C,SPATS2L,1
Y,Z,C,MFAP3L,1
Y,Z,C,MRPL41,1
Y,Z,C,COMT,1
Y,Z,C,AL592402.1,1
Y,Z,C,DUSP19,1
Y,Z,C,AC092943.2,1
Y,Z,C,USP8,1
Y,Z,C,DAP3,1
Y,Z,C,ZNF639,1
Y,Z,C,MAK,2
Y,Z,C,YKT6,1
Y,Z,C,AC010168.1,1
Y,Z,C,UBE2D1,1
Y,Z,C,UQCRC2,2
Y,Z,C,PFKFB3,1
Y,Z,C,ZNF280B,1
Y,Z,C,ATP5F1C,2
Y,Z,C,WNK2,1
Y,Z,C,SC5D,2
Y,Z,C,LRFN2,1
Y,Z,C,B4GALT4,1
Y,Z,C,SCLT1,1
Y,Z,C,TDP2,1
Y,Z,C,UNK,1
Y,Z,C,SLC6A13,1
Y,Z,C,RMND5A,1
Y,Z,C,HTATSF1,1
Y,Z,C,RGL1,1
Y,Z,C,EMC1-AS1,1
Y,Z,C,SEM1,1
Y,Z,C,ZNF706,1
Y,Z,C,CYB5B,1
Y,Z,C,BRAT1,1
Y,Z,C,SF3B3,1
Y,Z,C,GET1,1
Y,Z,C,OPRD1,1
Y,Z,C,TMEM43,1
Y,Z,C,TPRKB,2
Y,Z,C,CYTH3,1
Y,Z,C,MYCBP,1
Y,Z,C,AL592043.1,1
Y,Z,C,GTF2A2,1
Y,Z,C,PLPP7,1
Y,Z,C,VCPKMT,1
Y,Z,C,NOL4L,1
Y,Z,C,CNTNAP5,1
Y,Z,C,MRPL43,1
Y,Z,C,ACOT13,1
Y,Z,C,SEC14L2,1
Y,Z,C,OTULINL,1
Y,Z,C,GOLGA8B,1
Y,Z,C,FBXL3,1
Y,Z,C,CBL,2
Y,Z,C,Z93930.2,1
Y,Z,C,SPRTN,1
Y,Z,C,MAP3K10,1
Y,Z,C,HAPLN2,2
Y,Z,C,ZBTB47,1
Y,Z,C,AC091938.1,1
Y,Z,C,SMARCB1,1
Y,Z,C,EXOSC9,1
Y,Z,C,KCNA4,1
Y,Z,C,SEC24C,1
Y,Z,C,PPIH,1
Y,Z,C,TMEM126A,1
Y,Z,C,ZNF738,1
Y,Z,C,NUDCD1,1
Y,Z,C,NUDCD2,1
Y,Z,C,KIF1C,1
Y,Z,C,MRPL38,1
Y,Z,C,CEBPZ,2
Y,Z,C,FEM1A,1
Y,Z,C,AC104781.2,1
Y,Z,C,ACVR2B,1
Y,Z,C,AL596087.2,2
X,Y,C,AC004949.1,2
X,Y,C,DLGAP1,1
X,Y,C,UBE3A,2
X,Y,C,RPL37A,2
X,Y,C,SESN2,2
X,Y,C,AC011995.2,1
X,Y,C,ADCY10,2
X,Y,C,CSMD1,1
X,Y,C,HSPB1,2
X,Y,C,EIF5,2
X,Y,C,PTPRG,1
X,Y,C,AL596087.2,1
X,Y,C,IGFBP2,2
X,Y,C,WDR49,2
X,Y,C,DSCAM,1
X,Y,C,JUN,2
X,Y,C,ACYP2,1
X,Y,C,LVRN,2
X,Y,C,CAV3,2
X,Y,C,NCDN,2
X,Y,C,FBXO21,2
X,Y,C,AC018742.1,2
X,Y,C,AC093323.1,2
X,Y,C,C1QL3,2
X,Y,C,SLC38A1,2
X,Y,C,JMJD1C,1
X,Y,C,HIST1H4C,2
X,Y,C,MTUS2,1
X,Y,C,BMPER,1
X,Y,C,MIATNB,2
X,Y,C,GFPT2,2
X,Y,C,KLRD1,2
X,Y,C,SEMA3E,1
X,Y,C,KCTD1,1
X,Y,C,SUDS3,2
X,Y,C,SCFD2,1
X,Y,C,NTNG1,2
X,Y,C,EYS,2
X,Y,C,CARS,2
X,Y,C,SPATS2L,2
X,Y,C,CARTPT,2
X,Y,C,CUX2,2
X,Y,C,CFL1,2
X,Y,C,TCEAL2,2
X,Y,C,HSPA9,2
X,Y,C,FAM106A,2
X,Y,C,ZFPM2,1
X,Y,C,GCNA,2
X,Y,C,MGAM,2
X,Y,C,ZNF706,2
X,Y,C,PEG10,2
X,Y,C,RNASEH2C,2
X,Y,C,SEL1L3,1
X,Y,C,MIAT,1
X,Y,C,ARID1B,2
X,Y,C,PRKAG2-AS1,2
X,Y,C,AP1S1,2
X,Y,C,CEBPB,2
X,Y,C,MYO5A,1
X,Y,C,MTCL1,2
X,Y,C,POPDC3,2
X,Y,C,PRR13,2
X,Y,C,GDAP1L1,2
X,Y,C,ZSCAN18,2
X,Y,C,CALY,2
X,Y,C,AL592402.1,2
X,Y,C,GDAP1,2
X,Y,C,RAP2A,2
X,Y,C,PRH1,1
X,Y,C,KCNN3,1
X,Y,C,GABRA6,2
Z,Y,C,AC004949.1,2
Z,Y,C,GFPT2,2
Z,Y,C,GABRA5,2
Z,Y,C,JUN,2
Z,Y,C,FBXO21,2
Z,Y,C,GDAP1L1,2
Z,Y,C,ADCY10,2
Z,Y,C,MTCL1,2
Z,Y,C,NCDN,2
Z,Y,C,HSPB1,2
Z,Y,C,CYCS,2
Z,Y,C,EIF5,2
Z,Y,C,CARS,2
Z,Y,C,C1QL3,2
Z,Y,C,SESN2,2
Z,Y,C,DDX18,2
Z,Y,C,MARS,2
Z,Y,C,IGFBP2,2
Z,Y,C,SYNGAP1,2
Z,Y,C,PEG10,2
Z,Y,C,PRKCZ,2
Z,Y,C,PPDPF,2
Z,Y,C,UQCRH,2
Z,Y,C,ADD1,2
Z,Y,C,TMED9,2
Z,Y,C,CALY,2
Z,Y,C,MICAL3,2
Z,Y,C,SLC7A1,2
Z,Y,C,RNASEH2C,2
Z,Y,C,TCEAL2,2
Z,Y,C,CENPC,2
Z,Y,C,PPIG,2
Z,Y,C,RPL37A,2
Z,Y,C,MIATNB,2
Z,Y,C,RNF149,2
Z,Y,C,RBIS,2
Z,Y,C,ZNF483,2
Z,Y,C,LINC00662,2
Z,Y,C,WDR83OS,2
Z,Y,C,REL,2
Z,Y,C,HSPA9,2
Z,Y,C,USP11,2
Z,Y,C,RNF115,2
Z,Y,C,SH3GLB2,2
Z,Y,C,PPIP5K1,2
Z,Y,C,UGCG,2
Z,Y,C,CUX2,2
Z,Y,C,C16orf87,2
Z,Y,C,RFK,2
Z,Y,C,PSMB3,2
Z,Y,C,CUX1,2
Z,Y,C,PRKAR2A,2
Z,Y,C,NSF,2
Z,Y,C,NFIL3,2
Z,Y,C,LINC00159,2
Z,Y,C,SLC38A1,2
Z,Y,C,AP2S1,2
Z,Y,C,AP1S1,2
Z,Y,C,GPR162,2
Z,Y,C,MVD,2
Z,Y,C,RUNDC3B,2
Z,Y,C,PTPN2,2
Z,Y,C,ATP1B3,2
Z,Y,C,PLXND1,2
Z,Y,C,CXXC5,2
Z,Y,C,HIST1H4C,2
Z,Y,C,SUDS3,2
Z,Y,C,PLP1,1
Z,Y,C,ATP6V1F,2
Z,Y,C,GCNA,2
Z,Y,C,ZFAS1,2
Z,Y,C,MAPKBP1,2
Z,Y,C,NPTX2,2
Z,Y,C,SYNM,2
Z,Y,C,WDR59,2
Z,Y,C,ARPC1A,2
Z,Y,C,HOOK3,2
Z,Y,C,MAP1LC3B,2
Z,Y,C,AC009878.2,2
Z,Y,C,TRMU,2
Z,Y,C,PLXNC1,2
Z,Y,C,LVRN,2
Z,Y,C,CFL1,2
Z,Y,C,CCDC146,2
Z,Y,C,HIGD1A,2
Z,Y,C,PA2G4,2
Z,Y,C,LGMN,2
Z,Y,C,GPR22,2
Z,Y,C,ZNF235,2
Z,Y,C,FAM106A,2
Z,Y,C,DPF1,2
Z,Y,C,CCDC62,2
Z,Y,C,ZSCAN18,2
Z,Y,C,CCNF,2
Z,Y,C,NUDT11,2
Z,Y,C,ERP29,2
Z,Y,C,SCN1B,2
Z,Y,C,GRIK1,1
Z,Y,C,CCT5,2
Z,Y,C,AC097448.1,2
Z,Y,C,PRRC2C,2
Z,Y,C,TP53I11,2
Z,Y,C,SH3BP5L,2
Z,Y,C,AC008269.1,2
Z,Y,C,AC093323.1,2
Z,Y,C,AC007785.1,2
Z,Y,C,POLR2E,2
Z,Y,C,NPIPB5,2
Z,Y,C,DDX51,2
Z,Y,C,RBBP6,2
Z,Y,C,WDR49,2
Z,Y,C,AC092683.1,2
Z,Y,C,STUB1,2
Z,Y,C,DZIP1,2
Z,Y,C,MPP6,2
Z,Y,C,PRR13,2
Z,Y,C,LINC00390,2
Z,Y,C,CEBPB,2
Z,Y,C,TMED10,2
Z,Y,C,SLC25A4,2
Z,Y,C,SACS,2
Z,Y,C,MRPS25,2
Z,Y,C,NKTR,2
Z,Y,C,ABHD8,2
Z,Y,C,DIDO1,2
Z,Y,C,ATP6V1G2,2
Z,Y,C,ZC3H15,2
Z,Y,C,RHBDL3,2
Z,Y,C,SDCBP2,2
Z,Y,C,ECI2,2
Z,Y,C,UBE2B,2
Z,Y,C,SPTBN2,2
Z,Y,C,RPS13,2
Z,Y,C,ZNF24,2
Z,Y,C,ENY2,2
Z,Y,C,SGCZ,1
Z,Y,C,SMARCA4,2
Z,Y,C,MAPT,2
Z,Y,C,CENPV,2
Z,Y,C,SLC27A4,2
Z,Y,C,DBN1,2
Z,Y,C,TMA7,2
Z,Y,C,NSA2,2
Z,Y,C,MRPL14,2
Z,Y,C,OSBP2,2
Z,Y,C,KLRD1,2
Z,Y,C,NOP14,2
Z,Y,C,PRKAG2-AS1,2
Z,Y,C,RABL6,2
Z,Y,C,FHL1,2
Z,Y,C,EIF3J,2
Z,Y,C,ANKRD26,2
Z,Y,C,CISD1,2
Z,Y,C,FBXL16,2
Z,Y,C,CDC40,2
Z,Y,C,RFC3,2
Z,Y,C,ARL3,2
Z,Y,C,ZNF394,2
Z,Y,C,CENPJ,2
Z,Y,C,NECAB2,2
Z,Y,C,GRK2,2
Z,Y,C,INTS10,2
Z,Y,C,TLK2,2
Z,Y,C,PRPSAP2,2
Z,Y,C,SDAD1,2
Z,Y,C,ERO1B,2
Z,Y,C,PGAP1,2
Z,Y,C,PSMC3,2
Z,Y,C,BLVRB,2
Z,Y,C,HSPA14.1,2
Z,Y,C,ZMIZ2,2
Z,Y,C,GIPC2,2
Z,Y,C,GDAP1,2
Z,Y,C,WIPF2,2
Z,Y,C,MRPL34,2
Z,Y,C,NEDD4L,2
Z,Y,C,CDO1,2
Z,Y,C,PSMD3,2
Z,Y,C,AL627171.2,2
Z,Y,C,RPS6KC1,2
Z,Y,C,EHMT1,2
Z,Y,C,CDK5R2,2
Z,Y,C,KLC2,2
Z,Y,C,LTBP3,2
Z,Y,C,SNRPF,2
Z,Y,C,CYP46A1,2
Z,Y,C,TPT1,2
Z,Y,C,NOP58,2
Z,Y,C,MAGEF1,2
Z,Y,C,RASD1,2
Z,Y,C,SEZ6L,2
Z,Y,C,UBE3A,2
Z,Y,C,RSPH1,2
Z,Y,C,LINC01115,2
Z,Y,C,BMS1,2
Z,Y,C,AC124283.1,2
Z,Y,C,CNOT7,2
Z,Y,C,DCC,1
Z,Y,C,HOPX,2
Z,Y,C,MGAM,2
Z,Y,C,ISLR2,2
Z,Y,C,ANKDD1A,2
Z,Y,C,AP000829.1,2
Z,Y,C,SRSF7,2
Z,Y,C,C3orf35,2
Z,Y,C,GPRASP1,2
Z,Y,C,CCNDBP1,2
Z,Y,C,SOGA3,2
Z,Y,C,DVL3,2
Z,Y,C,RAPGEFL1,2
Z,Y,C,GNG3,2
Z,Y,C,GRM7-AS3,2
Z,Y,C,NDN,1
Z,Y,C,CARTPT,2
Z,Y,C,UBE2D2,2
Z,Y,C,PPP4R2,2
Z,Y,C,CAV3,2
Z,Y,C,PPP1R21,2
Z,Y,C,NUDT16L1,2
Z,Y,C,IPO9,2
Z,Y,C,ADGRF5,2
Z,Y,C,MRPL57,2
Z,Y,C,TBCD,2
Z,Y,C,LSM11,2
Z,Y,C,MRPL4,2
Z,Y,C,NDUFA2,2
Z,Y,C,MIA3,2
Z,Y,C,CUEDC2,2
Z,Y,C,MRPS5,2
Z,Y,C,MED15,2
Z,Y,C,DACH2,2
Z,Y,C,AFF4,2
Z,Y,C,MED19,2
Z,Y,C,FUNDC2,2
Z,Y,C,CPNE1,2
Z,Y,C,ABCF2,2
Z,Y,C,ACTN1,2
Z,Y,C,TMEM161A,2
Z,Y,C,TCEAL1,2
Z,Y,C,CRYZL1,2
Z,Y,C,METTL6,2
Z,Y,C,CEP44,2
Z,Y,C,RPS15A,2
Z,Y,C,TNRC18,2
Z,Y,C,COQ10B,2
Z,Y,C,TRPC4AP,2
Z,Y,C,CTH,2
Z,Y,C,HMOX2,2
Z,Y,C,MGAT3,2
Z,Y,C,FAM20C,2
Z,Y,C,KRAS,2
Z,Y,C,AC092691.1,1
Z,Y,C,POPDC3,2
Z,Y,C,AL035071.2,2
Z,Y,C,PAXIP1-AS1,2
Z,Y,C,USP5,2
Z,Y,C,KLF9,2
Z,Y,C,CSNKA2IP,2
Z,Y,C,GLRX5,2
Z,Y,C,GABRA6,2
Z,Y,C,AL158064.1,2
Z,Y,C,BECN1,2
Z,Y,C,DCBLD1,2
Z,Y,C,AARSD1,2
Z,Y,C,ARID4B,2
Z,Y,C,USE1,2
Z,Y,C,PYGB,2
Z,Y,C,ACTR1A,2
Z,Y,C,ZXDC,2
Z,Y,C,AC131934.1,2
Z,Y,C,FZR1,2
Z,Y,C,MKRN1,2
Z,Y,C,KBTBD6,2
Z,Y,C,ZNF555,2
Z,Y,C,RRP12,2
Z,Y,C,C11orf58,2
Z,Y,C,SLC39A10,2
Z,Y,C,KCNH3,2
Z,Y,C,GRIK4,2
Z,Y,C,PSMF1,1
Z,Y,C,GPC4,2
Z,Y,C,DUSP1,2
Z,Y,C,MYH10,2
Z,Y,C,SPIRE2,2
Z,Y,C,LINC01605,2
Z,Y,C,MCL1,2
Z,Y,C,PSMC6,2
Z,Y,C,NDUFB2,1
Z,Y,C,ACOT9,2
Z,Y,C,PNMA8C,2
Z,Y,C,RGP1,2
Z,Y,C,NDUFAF5,2
Z,Y,C,WASF1,2
Z,Y,C,CLIC5,2
Z,Y,C,C17orf80,2
Z,Y,C,ZNF830,2
Z,Y,C,YIPF7,2
Z,Y,C,CTNNA3,1
Z,Y,C,AXIN1,2
Z,Y,C,SPART,2
Z,Y,C,ABHD14A,2
Z,Y,C,GNB2,2
Z,Y,C,SMAD1,2
Z,Y,C,TBC1D20,2
Z,Y,C,LGALSL,2
Z,Y,C,FABP3,2
Z,Y,C,PLEKHA8,2
Z,Y,C,TPT1-AS1,2
Z,Y,C,OCA2,2
Z,Y,C,PEAK1,2
Z,Y,C,MICAL2,2
Z,Y,C,UBE2J2,2
Z,Y,C,ZNF790,2
Z,Y,C,SMARCE1,2
Z,Y,C,ZNF354B,2
Z,Y,C,DZIP3,2
Z,Y,C,NCBP2,1
Z,Y,C,NCL,1
Z,Y,C,MFSD4A,2
Z,Y,C,LINC02208,2
Z,Y,C,HPS4,2
Z,Y,C,AC068481.1,2
Z,Y,C,MCF2L2,2
Z,Y,C,TRIM13,2
Z,Y,C,CARHSP1,2
Z,Y,C,LINC00158,2
Z,Y,C,RAP2A,2
Z,Y,C,PLAA,2
Z,Y,C,ZNF726,2
Z,Y,C,SPAAR,2
Z,Y,C,SPATS2L,2
Z,Y,C,MFAP3L,2
Z,Y,C,MRPL41,2
Z,Y,C,COMT,2
Z,Y,C,AL592402.1,2
Z,Y,C,DUSP19,2
Z,Y,C,AC092943.2,2
Z,Y,C,USP8,2
Z,Y,C,DAP3,2
Z,Y,C,ZNF639,2
Z,Y,C,MAK,1
Z,Y,C,YKT6,2
Z,Y,C,AC010168.1,2
Z,Y,C,UBE2D1,2
Z,Y,C,UQCRC2,1
Z,Y,C,PFKFB3,2
Z,Y,C,ZNF280B,2
Z,Y,C,ATP5F1C,1
Z,Y,C,WNK2,2
Z,Y,C,SC5D,1
Z,Y,C,LRFN2,2
Z,Y,C,B4GALT4,2
Z,Y,C,SCLT1,2
Z,Y,C,TDP2,2
Z,Y,C,UNK,2
Z,Y,C,SLC6A13,2
Z,Y,C,RMND5A,2
Z,Y,C,HTATSF1,2
Z,Y,C,RGL1,2
Z,Y,C,EMC1-AS1,2
Z,Y,C,SEM1,2
Z,Y,C,ZNF706,2
Z,Y,C,CYB5B,2
Z,Y,C,BRAT1,2
Z,Y,C,SF3B3,2
Z,Y,C,GET1,2
Z,Y,C,OPRD1,2
Z,Y,C,TMEM43,2
Z,Y,C,TPRKB,1
Z,Y,C,CYTH3,2
Z,Y,C,MYCBP,2
Z,Y,C,AL592043.1,2
Z,Y,C,GTF2A2,2
Z,Y,C,PLPP7,2
Z,Y,C,VCPKMT,2
Z,Y,C,NOL4L,2
Z,Y,C,CNTNAP5,2
Z,Y,C,MRPL43,2
Z,Y,C,ACOT13,2
Z,Y,C,SEC14L2,2
Z,Y,C,OTULINL,2
Z,Y,C,GOLGA8B,2
Z,Y,C,FBXL3,2
Z,Y,C,CBL,1
Z,Y,C,Z93930.2,2
Z,Y,C,SPRTN,2
Z,Y,C,MAP3K10,2
Z,Y,C,HAPLN2,1
Z,Y,C,ZBTB47,2
Z,Y,C,AC091938.1,2
Z,Y,C,SMARCB1,2
Z,Y,C,EXOSC9,2
Z,Y,C,KCNA4,2
Z,Y,C,SEC24C,2
Z,Y,C,PPIH,2
Z,Y,C,TMEM126A,2
Z,Y,C,ZNF738,2
Z,Y,C,NUDCD1,2
Z,Y,C,NUDCD2,2
Z,Y,C,KIF1C,2
Z,Y,C,MRPL38,2
Z,Y,C,CEBPZ,1
Z,Y,C,FEM1A,2
Z,Y,C,AC104781.2,2
Z,Y,C,ACVR2B,2
Z,Y,C,AL596087.2,1
Z,X,B,EIF2AK2,2
Z,X,B,PLP1,2
Z,X,B,CALY,2
Z,X,B,CFL1,2
Z,X,B,HERC6,2
Z,X,B,RPS27,2
Z,X,B,AL157392.2,2
Z,X,B,MT-CO3,2
Z,X,B,TCF12,1
Z,X,B,C3,2
Z,X,B,TNFRSF13C,2
Z,X,B,NDUFB9,2
Z,X,B,OAS3,2
Z,X,B,MAF,2
Y,X,B,MS4A6A,1
Y,X,B,PLP1,2
Y,X,B,CACNB4,2
Y,X,B,MAF,2
Y,X,B,BLNK,2
Y,X,B,SLC4A7,2
Y,X,B,FNDC3B,1
Y,X,B,AZIN1-AS1,2
Y,X,B,DSCAM,2
Y,X,B,FCGBP,1
Y,X,B,PTPN2,1
Y,X,B,INPP5D,2
Y,X,B,APPL2,2
Y,X,B,UBE3A,1
Y,X,B,C3,2
Y,X,B,MARCH3,2
Y,X,B,MEF2C,2
Y,X,B,OTULINL,2
Y,X,B,GNAQ,1
Y,X,B,HSPB1,1
Y,X,B,ATP8B4,2
Y,X,B,RNF149,1
Y,X,B,AL157392.2,2
Y,X,B,ENTPD1,2
Y,X,B,FAM20C,1
Y,X,B,AC009226.1,2
Y,X,B,CTNNA3,2
Y,X,B,TNFRSF13C,2
Y,X,B,NAALADL2,2
Y,X,B,ADRB2,2
Y,X,B,DDX3Y,1
Y,X,B,ANKS1A,1
Y,X,B,UGCG,1
Y,X,B,CTSB,1
Y,X,B,USP53,2
Y,X,B,HIST1H1C,1
Y,X,B,SRGAP2B,2
Y,X,B,ACER3,1
Y,X,B,TNRC6B,2
Y,X,B,KCNMB4,2
Y,X,B,DMXL2,1
Y,X,B,SUSD3,2
Y,X,B,REL,1
Y,X,B,CALY,2
Y,X,B,SCFD2,2
Y,X,B,RERE,2
Y,X,B,MOBP,2
Y,X,B,PRKCQ,2
Y,X,B,AL110114.1,2
Y,X,B,DUSP1,1
Y,X,B,RAB27A,1
Y,X,B,PDPN,1
Y,X,B,SHLD1,2
Y,X,B,TLR5,1
Y,X,B,RGL1,1
Y,X,B,INSR,2
Y,X,B,SPATS2L,1
Y,X,B,DCAF6,1
Y,X,B,ANKH,2
Y,X,B,AC073475.1,2
X,Z,B,EIF2AK2,1
X,Z,B,PLP1,1
X,Z,B,CALY,1
X,Z,B,CFL1,1
X,Z,B,HERC6,1
X,Z,B,RPS27,1
X,Z,B,AL157392.2,1
X,Z,B,MT-CO3,1
X,Z,B,TCF12,2
X,Z,B,C3,1
X,Z,B,TNFRSF13C,1
X,Z,B,NDUFB9,1
X,Z,B,OAS3,1
X,Z,B,MAF,1
Y,Z,B,MS4A6A,1
Y,Z,B,DSCAM,2
Y,Z,B,HSPB1,1
Y,Z,B,OAS3,1
Y,Z,B,UBE3A,1
Y,Z,B,RERE,2
Y,Z,B,PTPN2,1
Y,Z,B,AZIN1-AS1,2
Y,Z,B,FCGBP,1
Y,Z,B,SLFN5,1
Y,Z,B,CACNB4,2
Y,Z,B,CTNNA3,2
Y,Z,B,UGCG,1
Y,Z,B,FNDC3B,1
Y,Z,B,BLNK,2
Y,Z,B,TLR5,1
Y,Z,B,MARCH3,2
Y,Z,B,IRF7,1
Y,Z,B,FAM20C,1
Y,Z,B,ENTPD1,2
Y,Z,B,MAF,2
Y,Z,B,DDX3Y,1
Y,Z,B,RAB27A,1
Y,Z,B,HERC6,1
Y,Z,B,RNF149,1
Y,Z,B,CHCHD7,1
Y,Z,B,REL,1
Y,Z,B,INPP5D,2
Y,Z,B,CTSB,1
Y,Z,B,TMEM9B-AS1,1
Y,Z,B,ANKS1A,1
Y,Z,B,APPL2,2
Y,Z,B,UBE2B,1
Y,Z,B,GNAQ,1
Y,Z,B,SLC4A7,2
Y,Z,B,USP53,2
Y,Z,B,LRRTM4,2
Y,Z,B,SRGAP2B,2
X,Y,B,MS4A6A,2
X,Y,B,PLP1,1
X,Y,B,CACNB4,1
X,Y,B,MAF,1
X,Y,B,BLNK,1
X,Y,B,SLC4A7,1
X,Y,B,FNDC3B,2
X,Y,B,AZIN1-AS1,1
X,Y,B,DSCAM,1
X,Y,B,FCGBP,2
X,Y,B,PTPN2,2
X,Y,B,INPP5D,1
X,Y,B,APPL2,1
X,Y,B,UBE3A,2
X,Y,B,C3,1
X,Y,B,MARCH3,1
X,Y,B,MEF2C,1
X,Y,B,OTULINL,1
X,Y,B,GNAQ,2
X,Y,B,HSPB1,2
X,Y,B,ATP8B4,1
X,Y,B,RNF149,2
X,Y,B,AL157392.2,1
X,Y,B,ENTPD1,1
X,Y,B,FAM20C,2
X,Y,B,AC009226.1,1
X,Y,B,CTNNA3,1
X,Y,B,TNFRSF13C,1
X,Y,B,NAALADL2,1
X,Y,B,ADRB2,1
X,Y,B,DDX3Y,2
X,Y,B,ANKS1A,2
X,Y,B,UGCG,2
X,Y,B,CTSB,2
X,Y,B,USP53,1
X,Y,B,HIST1H1C,2
X,Y,B,SRGAP2B,1
X,Y,B,ACER3,2
X,Y,B,TNRC6B,1
X,Y,B,KCNMB4,1
X,Y,B,DMXL2,2
X,Y,B,SUSD3,1
X,Y,B,REL,2
X,Y,B,CALY,1
X,Y,B,SCFD2,1
X,Y,B,RERE,1
X,Y,B,MOBP,1
X,Y,B,PRKCQ,1
X,Y,B,AL110114.1,1
X,Y,B,DUSP1,2
X,Y,B,RAB27A,2
X,Y,B,PDPN,2
X,Y,B,SHLD1,1
X,Y,B,TLR5,2
X,Y,B,RGL1,2
X,Y,B,INSR,1
X,Y,B,SPATS2L,2
X,Y,B,DCAF6,2
X,Y,B,ANKH,1
X,Y,B,AC073475.1,1
Z,Y,B,MS4A6A,2
Z,Y,B,DSCAM,1
Z,Y,B,HSPB1,2
Z,Y,B,OAS3,2
Z,Y,B,UBE3A,2
Z,Y,B,RERE,1
Z,Y,B,PTPN2,2
Z,Y,B,AZIN1-AS1,1
Z,Y,B,FCGBP,2
Z,Y,B,SLFN5,2
Z,Y,B,CACNB4,1
Z,Y,B,CTNNA3,1
Z,Y,B,UGCG,2
Z,Y,B,FNDC3B,2
Z,Y,B,BLNK,1
Z,Y,B,TLR5,2
Z,Y,B,MARCH3,1
Z,Y,B,IRF7,2
Z,Y,B,FAM20C,2
Z,Y,B,ENTPD1,1
Z,Y,B,MAF,1
Z,Y,B,DDX3Y,2
Z,Y,B,RAB27A,2
Z,Y,B,HERC6,2
Z,Y,B,RNF149,2
Z,Y,B,CHCHD7,2
Z,Y,B,REL,2
Z,Y,B,INPP5D,1
Z,Y,B,CTSB,2
Z,Y,B,TMEM9B-AS1,2
Z,Y,B,ANKS1A,2
Z,Y,B,APPL2,1
Z,Y,B,UBE2B,2
Z,Y,B,GNAQ,2
Z,Y,B,SLC4A7,1
Z,Y,B,USP53,1
Z,Y,B,LRRTM4,1
Z,Y,B,SRGAP2B,1
Z,X,A,MSI2,2
Z,X,A,MT-CO3,2
Z,X,A,NTNG1,2
Z,X,A,SLC9A9,1
Z,X,A,SEMA3E,1
Z,X,A,PLP1,1
Z,X,A,NPIPB2,2
Z,X,A,NUTM2B-AS1,1
Z,X,A,FRMD5,1
Z,X,A,CARHSP1,2
Z,X,A,LINC01814,2
Z,X,A,TCF12,1
Z,X,A,SRGAP3,2
Z,X,A,GOLGA8B,2
Z,X,A,MCF2L2,2
Y,X,A,CRYAB,1
Y,X,A,LRRTM4,2
Y,X,A,HSPB1,1
Y,X,A,UBE3A,1
Y,X,A,CEBPB,1
Y,X,A,GOLGA8B,2
Y,X,A,LINC01814,2
Y,X,A,PLP1,2
Y,X,A,ACSBG1,2
Y,X,A,XAF1,2
Y,X,A,GLIS3,1
Y,X,A,APOL6,1
Y,X,A,RGL1,1
Y,X,A,JUN,1
Y,X,A,FAM20C,1
Y,X,A,GRIK4,2
Y,X,A,AC104389.5,1
Y,X,A,PTPRG,2
Y,X,A,GAREM1,2
Y,X,A,PDE5A,1
Y,X,A,RASD1,1
Y,X,A,RHBDL3,2
Y,X,A,TNFRSF1A,1
Y,X,A,AL160272.1,2
Y,X,A,NUTM2B-AS1,1
Y,X,A,EPM2A,2
Y,X,A,ACTN1,1
Y,X,A,TMED10,1
Y,X,A,SRGAP3,2
Y,X,A,AHNAK,1
Y,X,A,UBE2B,1
Y,X,A,HOPX,1
Y,X,A,CYB5B,1
Y,X,A,NFIB,2
Y,X,A,WIPF2,2
Y,X,A,BARD1,1
Y,X,A,TBC1D24,1
Y,X,A,GNAQ,2
Y,X,A,SCLT1,2
Y,X,A,OAF,2
Y,X,A,LTBP1,2
Y,X,A,SREBF2,2
Y,X,A,FZD4,1
Y,X,A,MCL1,1
Y,X,A,ZSCAN18,1
Y,X,A,BBX,1
Y,X,A,TNR,2
Y,X,A,PGK1,1
Y,X,A,ZFAS1,1
Y,X,A,GCLM,1
X,Z,A,MSI2,1
X,Z,A,MT-CO3,1
X,Z,A,NTNG1,1
X,Z,A,SLC9A9,2
X,Z,A,SEMA3E,2
X,Z,A,PLP1,2
X,Z,A,NPIPB2,1
X,Z,A,NUTM2B-AS1,2
X,Z,A,FRMD5,2
X,Z,A,CARHSP1,1
X,Z,A,LINC01814,1
X,Z,A,TCF12,2
X,Z,A,SRGAP3,1
X,Z,A,GOLGA8B,1
X,Z,A,MCF2L2,1
Y,Z,A,HSPB1,1
Y,Z,A,JUN,1
Y,Z,A,CRYAB,1
Y,Z,A,MT-CO3,1
Y,Z,A,MCF2L2,1
Y,Z,A,UBE3A,1
Y,Z,A,HOPX,1
Y,Z,A,LRRTM4,2
Y,Z,A,NTNG1,1
Y,Z,A,CEBPB,1
Y,Z,A,ACTN1,1
Y,Z,A,SEMA3E,2
Y,Z,A,APOL6,1
Y,Z,A,FAM20C,1
Y,Z,A,AHNAK,1
Y,Z,A,PGK1,1
Y,Z,A,TPT1,1
Y,Z,A,AC104389.5,1
Y,Z,A,RANBP3L,2
Y,Z,A,MIAT,1
Y,Z,A,ECI2,1
Y,Z,A,CCDC144NL,1
Y,Z,A,RNH1,1
Y,Z,A,GDAP1,2
Y,Z,A,EAF2,2
Y,Z,A,GMPR,1
Y,Z,A,CYB5B,1
Y,Z,A,SLC19A1,1
Y,Z,A,TMEM43,1
Y,Z,A,MSI2,1
Y,Z,A,DSCAM,2
Y,Z,A,FHIT,2
Y,Z,A,ZSCAN18,1
Y,Z,A,GNB2,1
Y,Z,A,COMT,1
Y,Z,A,PLXND1,1
Y,Z,A,BCKDHA,1
Y,Z,A,HSPA9,1
Y,Z,A,GNAQ,2
Y,Z,A,TNFRSF1A,1
Y,Z,A,HIST1H4C,1
Y,Z,A,MRPS5,1
Y,Z,A,AL589935.1,2
Y,Z,A,NFIB,2
Y,Z,A,AC006065.4,2
Y,Z,A,NDN,1
Y,Z,A,MIR193BHG,1
Y,Z,A,ADAMTS9,2
Y,Z,A,RASD1,1
Y,Z,A,PFKFB3,1
Y,Z,A,RSL24D1,1
Y,Z,A,MAP1LC3B,1
X,Y,A,CRYAB,2
X,Y,A,LRRTM4,1
X,Y,A,HSPB1,2
X,Y,A,UBE3A,2
X,Y,A,CEBPB,2
X,Y,A,GOLGA8B,1
X,Y,A,LINC01814,1
X,Y,A,PLP1,1
X,Y,A,ACSBG1,1
X,Y,A,XAF1,1
X,Y,A,GLIS3,2
X,Y,A,APOL6,2
X,Y,A,RGL1,2
X,Y,A,JUN,2
X,Y,A,FAM20C,2
X,Y,A,GRIK4,1
X,Y,A,AC104389.5,2
X,Y,A,PTPRG,1
X,Y,A,GAREM1,1
X,Y,A,PDE5A,2
X,Y,A,RASD1,2
X,Y,A,RHBDL3,1
X,Y,A,TNFRSF1A,2
X,Y,A,AL160272.1,1
X,Y,A,NUTM2B-AS1,2
X,Y,A,EPM2A,1
X,Y,A,ACTN1,2
X,Y,A,TMED10,2
X,Y,A,SRGAP3,1
X,Y,A,AHNAK,2
X,Y,A,UBE2B,2
X,Y,A,HOPX,2
X,Y,A,CYB5B,2
X,Y,A,NFIB,1
X,Y,A,WIPF2,1
X,Y,A,BARD1,2
X,Y,A,TBC1D24,2
X,Y,A,GNAQ,1
X,Y,A,SCLT1,1
X,Y,A,OAF,1
X,Y,A,LTBP1,1
X,Y,A,SREBF2,1
X,Y,A,FZD4,2
X,Y,A,MCL1,2
X,Y,A,ZSCAN18,2
X,Y,A,BBX,2
X,Y,A,TNR,1
X,Y,A,PGK1,2
X,Y,A,ZFAS1,2
X,Y,A,GCLM,2
Z,Y,A,HSPB1,2
Z,Y,A,JUN,2
Z,Y,A,CRYAB,2
Z,Y,A,MT-CO3,2
Z,Y,A,MCF2L2,2
Z,Y,A,UBE3A,2
Z,Y,A,HOPX,2
Z,Y,A,LRRTM4,1
Z,Y,A,NTNG1,2
Z,Y,A,CEBPB,2
Z,Y,A,ACTN1,2
Z,Y,A,SEMA3E,1
Z,Y,A,APOL6,2
Z,Y,A,FAM20C,2
Z,Y,A,AHNAK,2
Z,Y,A,PGK1,2
Z,Y,A,TPT1,2
Z,Y,A,AC104389.5,2
Z,Y,A,RANBP3L,1
Z,Y,A,MIAT,2
Z,Y,A,ECI2,2
Z,Y,A,CCDC144NL,2
Z,Y,A,RNH1,2
Z,Y,A,GDAP1,1
Z,Y,A,EAF2,1
Z,Y,A,GMPR,2
Z,Y,A,CYB5B,2
Z,Y,A,SLC19A1,2
Z,Y,A,TMEM43,2
Z,Y,A,MSI2,2
Z,Y,A,DSCAM,1
Z,Y,A,FHIT,1
Z,Y,A,ZSCAN18,2
Z,Y,A,GNB2,2
Z,Y,A,COMT,2
Z,Y,A,PLXND1,2
Z,Y,A,BCKDHA,2
Z,Y,A,HSPA9,2
Z,Y,A,GNAQ,1
Z,Y,A,TNFRSF1A,2
Z,Y,A,HIST1H4C,2
Z,Y,A,MRPS5,2
Z,Y,A,AL589935.1,1
Z,Y,A,NFIB,1
Z,Y,A,AC006065.4,1
Z,Y,A,NDN,2
Z,Y,A,MIR193BHG,2
Z,Y,A,ADAMTS9,1
Z,Y,A,RASD1,2
Z,Y,A,PFKFB3,2
Z,Y,A,RSL24D1,2
Z,Y,A,MAP1LC3B,2
